{
    "Australia-Adelaide": [
        -34.9281805,
        138.5999312
    ],
    "Australia-Brisbane": [
        -27.4689682,
        153.0234991
    ],
    "Australia-Melbourne": [
        -37.8142454,
        144.9631732
    ],
    "Australia-Perth": [
        -31.9558933,
        115.8605855
    ],
    "Australia-Sydney": [
        -33.8698439,
        151.2082848
    ],
    "Belgium-Brussels": [
        50.8465573,
        4.351697
    ],
    "Bulgaria-Sofia": [
        42.6977028,
        23.3217359
    ],
    "Brazil-Sao Paulo": [
        -23.5506507,
        -46.6333824
    ],
    "Canada-Montreal": [
        45.5031824,
        -73.5698065
    ],
    "Canada-Toronto": [
        43.6534817,
        -79.3839347
    ],
    "Canada-Vancouver": [
        49.2608724,
        -123.113952
    ],
    "Canada-Calgary": [
        51.0456064,
        -114.057541
    ],
    "Switzerland-Zurich": [
        47.3744489,
        8.5410422
    ],
    "Chile-Santiago": [
        -33.4377756,
        -70.6504502
    ],
    "Colombia-Bogota": [
        4.6533816,
        -74.0836333
    ],
    "Cyprus-Nicosia": [
        35.1746503,
        33.3638783
    ],
    "Czech Republic-Prague": [
        50.0596288,
        14.446459273258009
    ],
    "Germany-Berlin": [
        52.510885,
        13.3989367
    ],
    "Germany-Dusseldorf": [
        51.2254018,
        6.7763137
    ],
    "Germany-Frankfurt": [
        50.1106444,
        8.6820917
    ],
    "Denmark-Copenhagen": [
        55.6867243,
        12.5700724
    ],
    "Estonia-Tallinn": [
        59.4372155,
        24.7453688
    ],
    "Spain-Barcelona": [
        41.3828939,
        2.1774322
    ],
    "Spain-Madrid": [
        40.4167047,
        -3.7035825
    ],
    "Spain-Valencia": [
        39.4697065,
        -0.3763353
    ],
    "Finland-Helsinki": [
        60.1674881,
        24.9427473
    ],
    "France-Bordeaux": [
        44.841225,
        -0.5800364
    ],
    "France-Marseille": [
        43.2961743,
        5.3699525
    ],
    "France-Paris": [
        48.8588897,
        2.3200410217200766
    ],
    "UK-Glasgow": [
        55.861155,
        -4.2501687
    ],
    "UK-London": [
        51.5074456,
        -0.1277653
    ],
    "UK-Manchester": [
        53.4794892,
        -2.2451148
    ],
    "Greece-Athens": [
        37.9755648,
        23.7348324
    ],
    "Hong Kong-Hong Kong": [
        22.2793278,
        114.1628131
    ],
    "Croatia-Zagreb": [
        45.8130967,
        15.9772795
    ],
    "Hungary-Budapest": [
        47.4978789,
        19.0402383
    ],
    "Indonesia-Jakarta": [
        -6.175247,
        106.8270488
    ],
    "Ireland-Dublin": [
        53.3493795,
        -6.2605593
    ],
    "Israel-Tel Aviv": [
        32.0852997,
        34.7818064
    ],
    "Italy-Milan": [
        45.4641943,
        9.1896346
    ],
    "Italy-Palermo": [
        38.1112268,
        13.3524434
    ],
    "Japan-Osaka": [
        34.6198813,
        135.490357
    ],
    "Japan-Tokyo": [
        35.6821936,
        139.762221
    ],
    "Latvia-Riga": [
        56.9493977,
        24.1051846
    ],
    "Mexico-Queretaro": [
        20.8052225,
        -99.8837376
    ],
    "Netherlands-Amsterdam": [
        52.3730796,
        4.8924534
    ],
    "Norway-Oslo": [
        59.9133301,
        10.7389701
    ],
    "Norway-Stavanger": [
        58.9699675,
        5.7318101
    ],
    "New Zealand-Auckland": [
        -36.852095,
        174.7631803
    ],
    "Peru-Lima": [
        -12.0621065,
        -77.0365256
    ],
    "Poland-Warsaw": [
        52.2337172,
        21.071432235636493
    ],
    "Portugal-Lisbon": [
        38.7077507,
        -9.1365919
    ],
    "Romania-Bucharest": [
        44.4361414,
        26.1027202
    ],
    "Serbia-Belgrade": [
        44.8178131,
        20.4568974
    ],
    "Sweden-Gothenburg": [
        57.7072326,
        11.9670171
    ],
    "Sweden-Malm\u00f6": [
        55.6052931,
        13.0001566
    ],
    "Sweden-Stockholm": [
        59.3251172,
        18.0710935
    ],
    "Singapore-Singapore": [
        1.357107,
        103.8194992
    ],
    "Slovenia-Ljubljana": [
        46.0500268,
        14.5069289
    ],
    "Slovakia-Bratislava": [
        48.1516988,
        17.1093063
    ],
    "Thailand-Bangkok": [
        13.7524938,
        100.4935089
    ],
    "Turkey-Istanbul": [
        41.006381,
        28.9758715
    ],
    "Ukraine-Kyiv": [
        50.4500336,
        30.5241361
    ],
    "USA-Atlanta, GA": [
        33.7489924,
        -84.3902644
    ],
    "USA-Boston, MA": [
        42.3554334,
        -71.060511
    ],
    "USA-Chicago, IL": [
        41.8755616,
        -87.6244212
    ],
    "USA-Dallas, TX": [
        32.7762719,
        -96.7968559
    ],
    "USA-Denver, CO": [
        39.7392364,
        -104.984862
    ],
    "USA-Detroit, MI": [
        42.3315509,
        -83.0466403
    ],
    "USA-Houston, TX": [
        29.7589382,
        -95.3676974
    ],
    "USA-Los Angeles, CA": [
        34.0536909,
        -118.242766
    ],
    "USA-Miami, FL": [
        25.7741728,
        -80.19362
    ],
    "USA-New York, NY": [
        40.7127281,
        -74.0060152
    ],
    "USA-Phoenix, AZ": [
        33.4484367,
        -112.074141
    ],
    "USA-Ashburn, VA": [
        39.030019100000004,
        -77.46964646557657
    ],
    "USA-Raleigh, NC": [
        35.7803977,
        -78.6390989
    ],
    "USA-Seattle, WA": [
        47.6038321,
        -122.330062
    ],
    "USA-San Jose, CA": [
        37.3361663,
        -121.890591
    ],
    "USA-Salt Lake City, UT": [
        40.7596198,
        -111.886797
    ],
    "USA-McAllen, TX": [
        26.204114,
        -98.2300605
    ],
    "USA-Secaucus, NJ": [
        40.7899291,
        -74.0566735
    ],
    "South Africa-Johannesburg": [
        -26.205,
        28.049722
    ],
    "Albania-Tirana": [
        41.3281482,
        19.8184435
    ],
    "Austria-Vienna": [
        48.2083537,
        16.3725042
    ]
}